{
  "4.0": {
    "mean": 26.520476190476188,
    "std": 1.3584587952799512
  },
  "1.0": {
    "mean": 25.679504716981132,
    "std": 1.6952626675019968
  },
  "7.0": {
    "mean": 797.9773214285714,
    "std": 100.3673838996716
  },
  "3.0": {
    "mean": 24.35769561478934,
    "std": 1.8723296818109765
  },
  "2.0": {
    "mean": 27.166666666666668,
    "std": 1.7897858344878388
  },
  "6.0": {
    "mean": 24.798571428571428,
    "std": 2.798740362921795
  },
  "0.0": {
    "mean": 87.68333333333334,
    "std": 10.275451708440851
  },
  "5.0": {
    "mean": 148.37,
    "std": NaN
  },
  "__global__": {
    "mean": 140.0358700265252,
    "std": 277.63578194155207
  }
}